,Month,HeatWave,Max_Temp
0,Jan,NO,35.64069366455078
1,Feb,NO,38.506797790527344
2,Mar,NO,40.8921127319336
3,Apr,NO,42.50823974609375
4,May,NO,42.85252380371094
5,Jun,NO,41.05084991455078
6,Jul,NO,35.338741302490234
7,Aug,NO,34.42272186279297
8,Sep,NO,35.931026458740234
9,Oct,NO,36.62715148925781
10,Nov,NO,36.67399978637695
11,Dec,NO,35.499107360839844
