,Month,HeatWave,Max_Temp
0,Jan,NO,32.61204528808594
1,Feb,NO,34.89515686035156
2,Mar,NO,36.52631759643555
3,Apr,NO,39.08498001098633
4,May,NO,39.73690032958984
5,Jun,NO,37.569766998291016
6,Jul,NO,32.4846076965332
7,Aug,NO,31.981176376342773
8,Sep,NO,32.72911834716797
9,Oct,NO,33.41448211669922
10,Nov,NO,33.571224212646484
11,Dec,NO,32.0633544921875
