,Month,HeatWave,Max_Temp
0,Jan,NO,36.03119659423828
1,Feb,NO,37.77801132202149
2,Mar,NO,39.49844741821289
3,Apr,NO,40.64707946777344
4,May,NO,41.22496032714844
5,Jun,NO,40.31371307373047
6,Jul,NO,35.89472198486328
7,Aug,NO,35.59214401245117
8,Sep,NO,35.858421325683594
9,Oct,NO,36.0853271484375
10,Nov,NO,36.07358551025391
11,Dec,NO,35.24321365356445
