,Month,HeatWave,Max_Temp
0,Jan,NO,35.135650634765625
1,Feb,NO,37.08007049560547
2,Mar,NO,39.37092208862305
3,Apr,NO,42.03326416015625
4,May,NO,42.339447021484375
5,Jun,NO,39.80661392211914
6,Jul,NO,34.480308532714844
7,Aug,NO,33.6278190612793
8,Sep,NO,34.66698455810547
9,Oct,NO,35.73493957519531
10,Nov,NO,35.87843704223633
11,Dec,NO,34.83985900878906
