,Month,HeatWave,Max_Temp
0,Jan,NO,36.04215240478516
1,Feb,NO,37.78514099121094
2,Mar,NO,39.5012321472168
3,Apr,NO,40.649391174316406
4,May,NO,41.225093841552734
5,Jun,NO,40.31597900390625
6,Jul,NO,35.897579193115234
7,Aug,NO,35.58918380737305
8,Sep,NO,35.86347961425781
9,Oct,NO,36.08540344238281
10,Nov,NO,36.07204055786133
11,Dec,NO,35.25483703613281
